id;amount;status;payment_dttm;hash_sum
1838461c-f2a2-46ca-a7a9-362a489c5ddd;6680.01;COMPLETED;2025-07-06;grass ugh glorious
cd51af56-aca4-4782-bbd5-13d6c03d6bfa;1762.11;COMPLETED;2025-07-07;omelet past terribly
29838449-edb9-4453-b7f4-6bfaf453682e;16862.56;FAILED;2025-07-07;jaywalk eventually towards
2a1141a8-5410-4ce4-9fdd-2505d14d6c9d;27555.36;COMPLETED;2025-07-07;yahoo shoulder trash
6f8ba704-6e99-46f5-a34a-668ccd4feb43;16221.04;FAILED;2025-07-07;safely down
bc11e9fe-3a5b-481d-bd95-8c874ee4284f;29903.26;FAILED;2025-07-07;abacus
1b9423f1-2b4f-4132-b103-b96190863e59;23609.41;COMPLETED;2025-07-07;mundane glittering
fc420389-b611-4c99-b2a0-a060c24101b4;31708.97;FAILED;2025-07-07;obedience
d46cf1db-e77a-4d67-a63a-e1d8eefe6cfe;24193.81;COMPLETED;2025-07-07;than before
3c3dbfc7-cc39-4a50-acda-a45ed097c2ee;15071.4;PENDING;2025-07-07;against regarding apropos
